SRR_ID,Assigned_Barcode_5nt,Adapter_ID,Tissue_Group,Original_Status,Original_Total_Reads,Original_9nt_Adapter_Pct,9nt_Match_Reads,9nt_Match_Retention_Pct,Rescued_Input_Reads,Rescued_Input_Pct,5nt_Rescued_Reads,5nt_Rescued_Pct,5nt_Matched_Reads,5nt_Matched_Retention_Pct,Delta_Reads,Delta_Pct,Rescue_Needed,9nt_Match_Median_Length,5nt_Matched_Median_Length,9nt_Match_Mean_Length,5nt_Matched_Mean_Length,Residual_5nt_In_9nt_Match,Residual_5nt_In_5nt_Matched,Residual_5nt_Pct_9nt_Match,Residual_5nt_Pct_5nt_Matched
SRR1044415,TCGCG,Ad07,MYOCARDIUM_51nt/01_NF,Clean,3548528,99.07,3515351,99.065,33049,0.9313,33017,0.9304,3548368,99.9955,33017,0.9304,YES,22,22.0,22.0,22.0,1497,1497,0.0426,0.0422
SRR1044416,TCTAG,Ad08,MYOCARDIUM_51nt/01_NF,Clean,5826954,99.13,5776037,99.1262,50788,0.8716,50672,0.8696,5826709,99.9958,50672,0.8696,YES,22,22,21.97,21.97,16031,16031,0.2775,0.2751
SRR1044417,TCACT,Ad01,MYOCARDIUM_51nt/01_NF,Clean,7484914,99.59,7453970,99.5866,30925,0.4132,30667,0.4097,7484637,99.9963,30667,0.4097,YES,22.0,22,21.81,21.81,12574,12574,0.1687,0.168
SRR1044418,TTGGT,Ad20,MYOCARDIUM_51nt/01_NF,Clean,8581965,99.69,8554941,99.6851,26942,0.3139,25342,0.2953,8580283,99.9804,25342,0.2953,YES,22,22,21.88,21.89,584305,584305,6.83,6.8099
SRR1044419,TGTGT,Ad18,MYOCARDIUM_51nt/01_NF,Clean,15468461,99.7,15422229,99.7011,46124,0.2982,45763,0.2958,15467992,99.997,45763,0.2958,YES,22,22.0,21.83,21.83,161515,161515,1.0473,1.0442
SRR1044420,TTACA,Ad19,MYOCARDIUM_51nt/01_NF,Clean,8702592,99.67,8673813,99.6693,28730,0.3301,28507,0.3276,8702320,99.9969,28507,0.3276,YES,22,22.0,21.87,21.87,60394,60394,0.6963,0.694
SRR1044421,TTAAG,Ad11,MYOCARDIUM_51nt/01_NF,Clean,6624520,99.0,6557991,98.9957,66514,1.0041,65471,0.9883,6623462,99.984,65471,0.9883,YES,22,22.0,21.86,21.87,180792,180792,2.7568,2.7296
SRR1044422,TCACT,Ad01,MYOCARDIUM_36nt/01_NF,Clean,2703908,97.4,2633714,97.404,70180,2.5955,69299,2.5629,2703013,99.9669,69299,2.5629,YES,22.0,22,21.88,21.89,7086,7086,0.269,0.2622
SRR1044423,TCATC,Ad02,MYOCARDIUM_36nt/01_NF,Clean,1728255,97.24,1680477,97.2355,47766,2.7638,47615,2.7551,1728092,99.9906,47615,2.7551,YES,22,22.0,21.9,21.9,2286,2286,0.136,0.1323
SRR1044424,TCCAC,Ad03,MYOCARDIUM_36nt/01_NF,Clean,2375592,96.82,2299925,96.8148,75587,3.1818,75295,3.1695,2375220,99.9843,75295,3.1695,YES,22,22.0,21.93,21.93,3779,3779,0.1643,0.1591
SRR1044425,TCACT,Ad01,PLASMA_51nt/01_NF,WARNING,10086975,71.61,7220796,71.5853,2865574,28.4087,2859315,28.3466,10080111,99.932,2859315,28.3466,YES,22.0,22,24.12,23.95,26550,26550,0.3677,0.2634
SRR1044426,TCACT,Ad01,SERUM_51nt/01_NF,Clean,2490404,88.47,2202909,88.4559,287255,11.5345,286243,11.4938,2489152,99.9497,286243,11.4938,YES,22,22.0,24.86,24.84,9985,9985,0.4533,0.4011
SRR1044427,TCATC,Ad02,PLASMA_51nt/01_NF,WARNING,3282957,77.95,2558484,77.9323,724344,22.0638,723358,22.0337,3281842,99.966,723358,22.0337,YES,31.0,31.0,28.3,27.39,6060,6060,0.2369,0.1847
SRR1044428,TCATC,Ad02,SERUM_51nt/01_NF,WARNING,1300109,60.89,790737,60.8208,508674,39.1255,506194,38.9347,1296931,99.7556,506194,38.9347,YES,22,22,24.67,24.25,7129,7129,0.9016,0.5497
SRR1044429,TCCAC,Ad03,PLASMA_51nt/01_NF,WARNING,968480,59.7,577845,59.6651,390451,40.3159,382843,39.5303,960688,99.1954,382843,39.5303,YES,24,22.0,25.43,24.73,4802,4802,0.831,0.4999
SRR1044430,TCCAC,Ad03,SERUM_51nt/01_NF,WARNING,823769,61.97,509615,61.8638,313641,38.0739,292686,35.5301,802301,97.3939,292686,35.5301,YES,21,22,22.39,22.58,5941,5941,1.1658,0.7405
SRR1044431,TCCGT,Ad04,PLASMA_51nt/01_NF,WARNING,3379568,73.8,2492913,73.7643,886211,26.2226,883944,26.1555,3376857,99.9198,883944,26.1555,YES,23,23,25.06,24.71,10690,10690,0.4288,0.3166
SRR1044432,TCCGT,Ad04,SERUM_51nt/01_NF,WARNING,616271,67.0,412722,66.9709,203404,33.0056,191044,31.0,603766,97.9709,191044,31.0,YES,24.0,23.0,25.23,24.59,7457,7457,1.8068,1.2351
SRR1044433,TAACG,Ad12,PLASMA_51nt/01_NF,Clean,2858442,97.24,2773446,97.0265,80104,2.8024,79607,2.785,2853053,99.8115,79607,2.785,YES,22.0,22,23.54,23.64,23525,23525,0.8482,0.8246
SRR1044434,TAATA,Ad13,PLASMA_51nt/01_NF,Clean,1625079,98.81,1605682,98.8064,19315,1.1886,19213,1.1823,1624895,99.9887,19213,1.1823,YES,23.0,23,24.53,24.59,36494,36494,2.2728,2.2459
SRR1044435,TGTGT,Ad18,PLASMA_51nt/01_NF,Clean,3269380,99.55,3253985,99.5291,14742,0.4509,14642,0.4479,3268627,99.977,14642,0.4479,YES,24,24,25.45,25.46,31038,31038,0.9538,0.9496
SRR1044436,TTACA,Ad19,PLASMA_51nt/01_NF,Clean,13170685,95.19,12535564,95.1778,634199,4.8152,628433,4.7715,13163997,99.9492,628433,4.7715,YES,23.0,23,24.93,24.92,138180,138180,1.1023,1.0497
SRR1044437,TTGGT,Ad20,PLASMA_51nt/01_NF,Clean,3613893,99.56,3597651,99.5506,15997,0.4427,15634,0.4326,3613285,99.9832,15634,0.4326,YES,23,23,25.16,25.17,70824,70824,1.9686,1.9601
SRR1044438,TCTCC,Ad09,PLASMA_51nt/01_NF,Clean,2848494,99.66,2838831,99.6608,9625,0.3379,9581,0.3364,2848412,99.9971,9581,0.3364,YES,23,23.0,25.55,25.55,19438,19438,0.6847,0.6824
SRR1044439,TTGGT,Ad20,PLASMA_51nt/01_NF,Clean,12868953,95.62,12301285,95.5889,564469,4.3863,558583,4.3405,12859868,99.9294,558583,4.3405,YES,23,23.0,24.96,24.95,241448,241448,1.9628,1.8775
SRR1044440,TAGAG,Ad14,PLASMA_51nt/01_NF,Clean,2395953,99.16,2375733,99.1561,20071,0.8377,19998,0.8347,2395731,99.9907,19998,0.8347,YES,23,23,23.81,23.82,8468,8468,0.3564,0.3535
SRR1044441,TTACA,Ad19,PLASMA_51nt/01_NF,Clean,19553533,97.84,19129131,97.8295,422785,2.1622,418746,2.1415,19547877,99.9711,418746,2.1415,YES,22,22,22.83,22.83,231055,231055,1.2079,1.182
SRR1044442,TAGAG,Ad14,PLASMA_51nt/01_NF,Clean,3892093,97.17,3771446,96.9002,110460,2.8381,108060,2.7764,3879506,99.6766,108060,2.7764,YES,22.0,22.0,22.63,22.68,67263,67263,1.7835,1.7338
SRR1044443,TAGGA,Ad15,PLASMA_51nt/01_NF,Clean,1924826,97.33,1859798,96.6216,51509,2.676,51178,2.6588,1910976,99.2805,51178,2.6588,YES,22.0,22.0,23.17,23.27,15587,15587,0.8381,0.8157
SRR1044444,TTGGT,Ad20,PLASMA_51nt/01_NF,Clean,13184653,97.96,12911243,97.9263,269815,2.0464,266748,2.0232,13177991,99.9495,266748,2.0232,YES,22,22,22.92,22.92,275670,275670,2.1351,2.0919
SRR1044445,TATCA,Ad16,PLASMA_51nt/01_NF,Clean,4873254,97.72,4756720,97.6087,111432,2.2866,106579,2.187,4863299,99.7957,106579,2.187,YES,23.0,23,24.09,24.1,801369,801369,16.8471,16.4779
SRR1044446,TCTGA,Ad10,OTHER_TISSUES/ADIPOSE,Clean,4410569,98.47,4343043,98.469,67367,1.5274,66851,1.5157,4409894,99.9847,66851,1.5157,YES,22,22.0,22.46,22.55,90374,90374,2.0809,2.0493
SRR1044447,TCCAC,Ad03,OTHER_TISSUES/BRAIN,Clean,3106166,99.26,3083089,99.2571,22963,0.7393,22897,0.7371,3105986,99.9942,22897,0.7371,YES,22,22.0,21.88,21.9,8497,8497,0.2756,0.2736
SRR1044448,TCGCG,Ad07,OTHER_TISSUES/LIVER,Clean,989681,98.3,972847,98.299,16824,1.6999,16764,1.6939,989611,99.9929,16764,1.6939,YES,22,22,22.15,22.19,1860,1860,0.1912,0.188
SRR1044449,TCGAT,Ad06,OTHER_TISSUES/SKIN,Clean,1862436,99.15,1846486,99.1436,15885,0.8529,15762,0.8463,1862248,99.9899,15762,0.8463,YES,22.0,22.0,21.41,21.43,6453,6453,0.3495,0.3465
SRR1044450,TCACT,Ad01,OTHER_TISSUES/SPLEEN,Clean,2159461,99.29,2144174,99.2921,15280,0.7076,15217,0.7047,2159391,99.9968,15217,0.7047,YES,22.0,22,21.78,21.8,5665,5665,0.2642,0.2623
SRR1044451,TAGAG,Ad14,MYOCARDIUM_51nt/04_DCM_EXPLANT,Clean,2755926,98.43,2712742,98.433,43144,1.5655,43068,1.5627,2755810,99.9958,43068,1.5627,YES,22.0,22.0,22.11,22.11,11689,11689,0.4309,0.4242
SRR1044452,TAATA,Ad13,MYOCARDIUM_51nt/03_DCM_ADVANCED,Clean,3840917,99.76,3831831,99.7634,9068,0.2361,8905,0.2318,3840736,99.9953,8905,0.2318,YES,22,22.0,22.27,22.27,124134,124134,3.2395,3.232
SRR1044453,TATCA,Ad16,MYOCARDIUM_51nt/04_DCM_EXPLANT,Clean,5987779,99.76,5973618,99.7635,14105,0.2356,13960,0.2331,5987578,99.9966,13960,0.2331,YES,22.0,22.0,22.62,22.63,115557,115557,1.9345,1.9299
SRR1044454,TAGGA,Ad15,MYOCARDIUM_51nt/03_DCM_ADVANCED,Clean,4118394,99.63,4102460,99.6131,15150,0.3679,14968,0.3634,4117428,99.9765,14968,0.3634,YES,22.0,22.0,22.4,22.4,66912,66912,1.631,1.6251
SRR1044455,TCTGA,Ad10,MYOCARDIUM_36nt/03_DCM_EXPLANT,Clean,3117393,97.3,3032888,97.2892,84236,2.7021,82848,2.6576,3115736,99.9468,82848,2.6576,YES,22.0,22.0,21.88,21.88,59027,59027,1.9462,1.8945
SRR1044456,TCTCC,Ad09,MYOCARDIUM_36nt/02_DCM_ADVANCED,Clean,2907625,97.24,2827321,97.2382,80287,2.7613,79900,2.7479,2907221,99.9861,79900,2.7479,YES,22,22,21.94,21.95,13097,13097,0.4632,0.4505
SRR1044457,TCCTA,Ad05,MYOCARDIUM_51nt/03_DCM_ADVANCED,Clean,3799824,99.82,3793028,99.8211,6742,0.1774,6692,0.1761,3799720,99.9973,6692,0.1761,YES,22.0,22.0,22.58,22.58,35729,35729,0.942,0.9403
SRR1044458,TCCTA,Ad05,MYOCARDIUM_51nt/03_DCM_ADVANCED,Clean,13225342,99.57,13168992,99.5739,56279,0.4255,55547,0.42,13224539,99.9939,55547,0.42,YES,22.0,22,21.77,21.77,150841,150841,1.1454,1.1406
SRR1044459,TCGAT,Ad06,OTHER_TISSUES/SKELETAL_MUSCLE,Clean,4670439,99.61,4651941,99.6039,18346,0.3928,18277,0.3913,4670218,99.9953,18277,0.3913,YES,22,22.0,22.61,22.61,15934,15934,0.3425,0.3412
SRR1044460,TATCA,Ad16,MYOCARDIUM_51nt/04_DCM_EXPLANT,Clean,7112234,99.59,7083372,99.5942,28812,0.4051,27569,0.3876,7110941,99.9818,27569,0.3876,YES,22.0,22,21.8,21.8,258647,258647,3.6515,3.6373
SRR1044461,TAGGA,Ad15,MYOCARDIUM_51nt/03_DCM_ADVANCED,Clean,7694170,99.41,7648789,99.4102,45166,0.587,44786,0.5821,7693575,99.9923,44786,0.5821,YES,22,22,21.43,21.43,49462,49462,0.6467,0.6429
SRR1044462,TCGAT,Ad06,PLASMA_51nt/03_DCM_3M_LVAD,Clean,993272,95.17,944489,95.0887,47991,4.8316,47716,4.8039,992205,99.8926,47716,4.8039,YES,23,23,24.44,24.44,6192,6192,0.6556,0.6241
SRR1044463,TTACA,Ad19,PLASMA_51nt/05_DCM_EXPLANT,WARNING,5832459,50.14,2924001,50.1332,2908382,49.8655,2901273,49.7436,5825274,99.8768,2901273,49.7436,YES,22,22.0,22.1,22.05,20984,20984,0.7176,0.3602
SRR1044464,TCCTA,Ad05,PLASMA_51nt/02_DCM_ADVANCED,Clean,2998722,95.72,2868790,95.6671,128600,4.2885,127150,4.2401,2995940,99.9072,127150,4.2401,YES,23.0,23.0,24.18,24.17,33672,33672,1.1737,1.1239
SRR1044465,TTAAG,Ad11,PLASMA_51nt/02_DCM_ADVANCED,WARNING,875255,76.06,665657,76.0529,209578,23.9448,209312,23.9144,874969,99.9673,209312,23.9144,YES,22,22,22.98,22.81,1275,1275,0.1915,0.1457
SRR1044466,TTACA,Ad19,SERUM_51nt/03_DCM_EXPLANT,WARNING,11415043,75.63,8632670,75.6254,2782327,24.3742,2777090,24.3283,11409760,99.9537,2777090,24.3283,YES,30.0,29.0,27.19,26.23,26287,26287,0.3045,0.2304
SRR1044467,TTAAG,Ad11,SERUM_51nt/02_DCM_ADVANCED,WARNING,5204514,67.26,3499940,67.2482,1704490,32.7502,1703519,32.7316,5203459,99.9797,1703519,32.7316,YES,28.0,23,26.0,25.28,4647,4647,0.1328,0.0893
SRR1044468,TGTGT,Ad18,MYOCARDIUM_51nt/04_DCM_EXPLANT,Clean,8561069,99.59,8526113,99.5917,34926,0.408,34663,0.4049,8560776,99.9966,34663,0.4049,YES,22,22.0,21.74,21.74,67223,67223,0.7884,0.7852
SRR1044469,TGATG,Ad17,MYOCARDIUM_51nt/03_DCM_ADVANCED,Clean,9158773,99.22,9087457,99.2213,71278,0.7782,68947,0.7528,9156404,99.9741,68947,0.7528,YES,22,22.0,21.69,21.69,377647,377647,4.1557,4.1244
SRR1044470,TTGGT,Ad20,PLASMA_51nt/05_DCM_EXPLANT,WARNING,887146,76.75,680201,76.6729,206395,23.2651,191731,21.6121,871932,98.2851,191731,21.6121,YES,21,21.0,22.93,22.87,34851,34851,5.1236,3.997
SRR1044471,TAACG,Ad12,PLASMA_51nt/02_DCM_ADVANCED,Clean,250113,94.06,235236,94.0519,14866,5.9437,14837,5.9321,250073,99.984,14837,5.9321,YES,22.0,22,22.77,22.89,1129,1129,0.4799,0.4515
SRR1044472,TTGGT,Ad20,SERUM_51nt/03_DCM_EXPLANT,Clean,11484303,86.18,9897369,86.1817,1586718,13.8164,1173335,10.2169,11070704,96.3986,1173335,10.2169,YES,30,30.0,26.74,26.41,3618172,3618172,36.5569,32.6824
SRR1044473,TAACG,Ad12,SERUM_51nt/02_DCM_ADVANCED,WARNING,1248003,77.07,961761,77.064,286197,22.9324,285988,22.9157,1247749,99.9796,285988,22.9157,YES,23,22,23.83,24.15,2885,2885,0.3,0.2312
SRR1044474,TCACT,Ad01,MYOCARDIUM_51nt/03_DCM_ADVANCED,Clean,8599652,99.68,8572029,99.6788,27604,0.321,27133,0.3155,8599162,99.9943,27133,0.3155,YES,22,22.0,21.81,21.8,16254,16254,0.1896,0.189
SRR1044475,TCATC,Ad02,MYOCARDIUM_51nt/03_DCM_ADVANCED,Clean,9282613,99.64,9249332,99.6415,33252,0.3582,33139,0.357,9282471,99.9985,33139,0.357,YES,22.0,22,21.91,21.91,15023,15023,0.1624,0.1618
SRR1044476,TCCAC,Ad03,MYOCARDIUM_51nt/03_DCM_ADVANCED,Clean,5933159,99.61,5909898,99.6079,23027,0.3881,22961,0.387,5932859,99.9949,22961,0.387,YES,22.0,22,21.78,21.78,8414,8414,0.1424,0.1418
SRR1044477,TCTCC,Ad09,MYOCARDIUM_51nt/03_DCM_ADVANCED,Clean,9881605,99.65,9846437,99.6441,35104,0.3552,34992,0.3541,9881429,99.9982,34992,0.3541,YES,22,22,21.82,21.82,36724,36724,0.373,0.3716
SRR1044478,TCTAG,Ad08,MYOCARDIUM_51nt/03_DCM_ADVANCED,Clean,7722918,99.11,7654342,99.112,68553,0.8877,68346,0.885,7722688,99.997,68346,0.885,YES,22.0,22.0,21.65,21.65,19794,19794,0.2586,0.2563
SRR1044479,TAGAG,Ad14,MYOCARDIUM_51nt/03_DCM_ADVANCED,Clean,7671436,98.72,7573322,98.721,98096,1.2787,97937,1.2766,7671259,99.9977,97937,1.2766,YES,22.0,22,21.73,21.73,8390,8390,0.1108,0.1094
SRR1044480,TCATC,Ad02,PLASMA_51nt/04_DCM_6M_LVAD,Clean,1708456,98.19,1677206,98.1709,30891,1.8081,30644,1.7937,1707850,99.9645,30644,1.7937,YES,22.0,22.0,22.51,22.52,12388,12388,0.7386,0.7254
SRR1044481,TCACT,Ad01,PLASMA_51nt/02_DCM_ADVANCED,Clean,4307593,98.09,4224954,98.0816,82502,1.9153,81577,1.8938,4306531,99.9753,81577,1.8938,YES,22.0,22,21.99,21.99,34902,34902,0.8261,0.8104
SRR1044482,TAGGA,Ad15,MYOCARDIUM_51nt/03_DCM_ADVANCED,Clean,8951350,99.6,8915190,99.596,35867,0.4007,35681,0.3986,8950871,99.9946,35681,0.3986,YES,22.0,22,21.68,21.68,41349,41349,0.4638,0.462
SRR1044483,TCCGT,Ad04,PLASMA_51nt/03_DCM_3M_LVAD,Clean,787488,97.69,768681,97.6118,18213,2.3128,17691,2.2465,786372,99.8583,17691,2.2465,YES,22,22.0,21.96,21.96,32258,32258,4.1965,4.1021
SRR1044484,TCCAC,Ad03,PLASMA_51nt/02_DCM_ADVANCED,Clean,5770183,98.19,5665681,98.1889,104462,1.8104,103920,1.801,5769601,99.9899,103920,1.801,YES,22,22,21.97,21.97,19826,19826,0.3499,0.3436
SRR1044485,TATCA,Ad16,MYOCARDIUM_51nt/03_DCM_ADVANCED,Clean,10186704,99.68,10154287,99.6818,32327,0.3173,31666,0.3109,10185953,99.9926,31666,0.3109,YES,22,22,21.79,21.79,246988,246988,2.4324,2.4248
SRR1044486,TCGCG,Ad07,PLASMA_51nt/02_DCM_ADVANCED,Clean,4876686,97.44,4751325,97.4294,124980,2.5628,124461,2.5522,4875786,99.9815,124461,2.5522,YES,22,22.0,21.73,21.73,12474,12474,0.2625,0.2558
SRR1044487,TGATG,Ad17,MYOCARDIUM_51nt/03_DCM_ADVANCED,Clean,8786887,99.42,8735489,99.4151,51347,0.5844,48899,0.5565,8784388,99.9716,48899,0.5565,YES,22,22.0,21.83,21.82,490429,490429,5.6142,5.583
SRR1044488,TCGCG,Ad07,MYOCARDIUM_51nt/04_DCM_EXPLANT,Clean,7446889,99.04,7375117,99.0362,71739,0.9633,71642,0.962,7446759,99.9983,71642,0.962,YES,22,22,21.79,21.79,4632,4632,0.0628,0.0622
SRR1044489,TCGAT,Ad06,MYOCARDIUM_51nt/03_DCM_ADVANCED,Clean,8524085,99.53,8483479,99.5236,40395,0.4739,40288,0.4726,8523767,99.9963,40288,0.4726,YES,22,22,21.71,21.7,11128,11128,0.1312,0.1306
SRR1044490,TGATG,Ad17,PLASMA_51nt/05_DCM_EXPLANT,Clean,331960,93.15,309194,93.1419,22747,6.8523,20907,6.298,330101,99.44,20907,6.298,YES,22.0,22,22.68,22.81,28788,28788,9.3107,8.721
SRR1044491,TCTCC,Ad09,PLASMA_51nt/02_DCM_ADVANCED,WARNING,3787931,61.11,2314412,61.0996,1473510,38.9001,1468921,38.779,3783333,99.8786,1468921,38.779,YES,22.0,22,23.34,22.96,15088,15088,0.6519,0.3988
SRR1044492,TGATG,Ad17,SERUM_51nt/03_DCM_EXPLANT,WARNING,3279272,68.18,2235623,68.1744,1043571,31.8233,1028380,31.36,3264003,99.5344,1028380,31.36,YES,30,30,27.73,28.08,48761,48761,2.1811,1.4939
SRR1044493,TCTCC,Ad09,SERUM_51nt/02_DCM_ADVANCED,Clean,7488444,82.45,6174294,82.451,1314124,17.5487,1310867,17.5052,7485161,99.9562,1310867,17.5052,YES,30.0,30,27.51,27.28,78840,78840,1.2769,1.0533
SRR1044494,TCCTA,Ad05,MYOCARDIUM_51nt/03_DCM_ADVANCED,Clean,10428140,99.72,10398433,99.7151,29634,0.2842,29278,0.2808,10427711,99.9959,29278,0.2808,YES,22,22,21.79,21.79,113180,113180,1.0884,1.0854
SRR1044495,TCGAT,Ad06,MYOCARDIUM_51nt/03_DCM_ADVANCED,Clean,11200784,99.65,11161632,99.6505,38935,0.3476,38854,0.3469,11200486,99.9973,38854,0.3469,YES,22.0,22.0,21.76,21.76,11446,11446,0.1025,0.1022
SRR1044496,TAACG,Ad12,MYOCARDIUM_51nt/03_DCM_ADVANCED,Clean,6511732,99.33,6467778,99.325,43935,0.6747,43746,0.6718,6511524,99.9968,43746,0.6718,YES,22.0,22.0,21.83,21.83,29792,29792,0.4606,0.4575
SRR1044497,TGTGT,Ad18,PLASMA_51nt/04_DCM_6M_LVAD,Clean,15842442,98.17,15549876,98.1533,290121,1.8313,286877,1.8108,15836753,99.9641,286877,1.8108,YES,22.0,22,22.84,22.84,202918,202918,1.3049,1.2813
SRR1044498,TGATG,Ad17,PLASMA_51nt/02_DCM_ADVANCED,Clean,3127806,97.44,3046262,97.3929,79986,2.5573,76897,2.4585,3123159,99.8514,76897,2.4585,YES,22.0,22,21.64,21.63,142425,142425,4.6754,4.5603
SRR1044499,TCCGT,Ad04,MYOCARDIUM_51nt/04_DCM_EXPLANT,Clean,9902337,99.52,9854418,99.5161,47899,0.4837,47475,0.4794,9901893,99.9955,47475,0.4794,YES,22.0,22,21.73,21.73,111532,111532,1.1318,1.1264
SRR1044500,TCCAC,Ad03,MYOCARDIUM_51nt/03_DCM_ADVANCED,Clean,5937094,99.52,5908388,99.5165,28508,0.4802,28369,0.4778,5936757,99.9943,28369,0.4778,YES,22.0,22,21.8,21.8,14102,14102,0.2387,0.2375
SRR1044501,TCTGA,Ad10,MYOCARDIUM_51nt/04_DCM_EXPLANT,Clean,10815189,99.5,10760933,99.4983,53775,0.4972,52463,0.4851,10813396,99.9834,52463,0.4851,YES,22,22.0,21.69,21.68,276916,276916,2.5733,2.5609
SRR1044502,TCTCC,Ad09,MYOCARDIUM_51nt/03_DCM_ADVANCED,Clean,6490869,99.47,6456213,99.4661,34594,0.533,34456,0.5308,6490669,99.9969,34456,0.5308,YES,22,22,21.56,21.56,25607,25607,0.3966,0.3945
SRR1044503,TCTAG,Ad08,PLASMA_51nt/03_DCM_3M_LVAD,Clean,2178587,99.35,2164250,99.3419,14142,0.6491,14058,0.6453,2178308,99.9872,14058,0.6453,YES,23.0,23.0,24.57,24.59,8952,8952,0.4136,0.411
SRR1044504,TCTGA,Ad10,PLASMA_51nt/04_DCM_6M_LVAD,Clean,1017310,99.07,1002841,98.5777,9520,0.9358,9433,0.9272,1012274,99.505,9433,0.9272,YES,23,23.0,24.45,24.49,14883,14883,1.4841,1.4703
SRR1044505,TCGCG,Ad07,PLASMA_51nt/02_DCM_ADVANCED,Clean,161160,99.39,160165,99.3826,987,0.6124,981,0.6087,161146,99.9913,981,0.6087,YES,22,22.0,24.33,24.34,499,499,0.3116,0.3097
SRR1044506,TCACT,Ad01,PLASMA_51nt/10_STABLE_HF,Clean,3716503,96.98,3602247,96.9257,112399,3.0243,112018,3.0141,3714265,99.9398,112018,3.0141,YES,23,23,24.92,25.05,21259,21259,0.5902,0.5724
SRR1044507,TCTCC,Ad09,PLASMA_51nt/10_STABLE_HF,Clean,6160889,97.71,6017476,97.6722,141408,2.2953,140924,2.2874,6158400,99.9596,140924,2.2874,YES,22.0,22.0,23.91,24.01,39745,39745,0.6605,0.6454
SRR1044508,TCTGA,Ad10,PLASMA_51nt/10_STABLE_HF,Clean,2197847,96.93,2111513,96.0719,67844,3.0868,66707,3.0351,2178220,99.107,66707,3.0351,YES,22,22.0,22.94,23.03,47019,47019,2.2268,2.1586
SRR1044509,TGTGT,Ad18,PLASMA_51nt/10_STABLE_HF,Clean,2988465,97.52,2905947,97.2388,74226,2.4838,73713,2.4666,2979660,99.7054,73713,2.4666,YES,23,23.0,24.18,24.29,30146,30146,1.0374,1.0117
SRR1044513,TTACA,Ad19,MYOCARDIUM_51nt/02_FETAL,Clean,3681595,99.8,3674145,99.7976,7389,0.2007,7353,0.1997,3681498,99.9974,7353,0.1997,YES,22,22.0,22.21,22.21,24146,24146,0.6572,0.6559
SRR1044514,TAGGA,Ad15,OTHER_TISSUES/SKELETAL_MUSCLE,Clean,3499810,99.11,3468092,99.0937,31270,0.8935,30982,0.8852,3499074,99.979,30982,0.8852,YES,22.0,22.0,22.34,22.35,30814,30814,0.8885,0.8806
SRR1044515,TTGGT,Ad20,MYOCARDIUM_51nt/02_FETAL,Clean,2736554,99.71,2728672,99.712,7821,0.2858,7540,0.2755,2736212,99.9875,7540,0.2755,YES,22.0,22.0,22.14,22.15,127717,127717,4.6806,4.6677
SRR1044518,TAACG,Ad12,OTHER_TISSUES/SKELETAL_MUSCLE,Clean,2793138,98.35,2747047,98.3498,46061,1.6491,45790,1.6394,2792837,99.9892,45790,1.6394,YES,22,22,22.27,22.28,12997,12997,0.4731,0.4654
SRR1044519,TAACG,Ad12,OTHER_TISSUES/HUVEC,Clean,3240368,97.88,3171286,97.8681,68795,2.1231,68133,2.1026,3239419,99.9707,68133,2.1026,YES,22.0,22,23.29,23.29,36668,36668,1.1563,1.1319
SRR1044520,TAATA,Ad13,OTHER_TISSUES/HUVEC,Clean,8861480,98.43,8722170,98.4279,139037,1.569,136105,1.5359,8858275,99.9638,136105,1.5359,YES,23.0,23,24.13,24.13,317251,317251,3.6373,3.5814
SRR1044521,TAACG,Ad12,MYOCARDIUM_36nt/05_ICM_EXPLANT,Clean,2146161,95.37,2046753,95.3681,99398,4.6314,98290,4.5798,2145043,99.9479,98290,4.5798,YES,22,22,21.94,21.95,24653,24653,1.2045,1.1493
SRR1044522,TTAAG,Ad11,MYOCARDIUM_36nt/04_ICM_ADVANCED,Clean,1736274,95.24,1653612,95.2391,82640,4.7596,80521,4.6376,1734133,99.8767,80521,4.6376,YES,22.0,22,21.96,21.96,46886,46886,2.8354,2.7037
SRR1044523,TGTGT,Ad18,MYOCARDIUM_51nt/06_ICM_EXPLANT,Clean,4833659,99.68,4818121,99.6785,15408,0.3188,15264,0.3158,4833385,99.9943,15264,0.3158,YES,22,22,22.21,22.21,68833,68833,1.4286,1.4241
SRR1044524,TGATG,Ad17,MYOCARDIUM_51nt/05_ICM_ADVANCED,Clean,3662688,99.32,3637865,99.3223,24760,0.676,24266,0.6625,3662131,99.9848,24266,0.6625,YES,22,22,23.48,23.49,132817,132817,3.651,3.6268
SRR1044525,TAACG,Ad12,PLASMA_51nt/08_ICM_6M_LVAD,Clean,773329,99.36,768172,99.3331,5084,0.6574,5052,0.6533,773224,99.9864,5052,0.6533,YES,23.0,23.0,24.99,25.01,3974,3974,0.5173,0.514
SRR1044526,TTAAG,Ad11,PLASMA_51nt/06_ICM_ADVANCED,Clean,208221,98.86,205842,98.8575,2373,1.1397,2363,1.1349,208205,99.9923,2363,1.1349,YES,22.0,22,23.32,23.37,846,846,0.411,0.4063
SRR1044527,TCGCG,Ad07,MYOCARDIUM_51nt/05_ICM_ADVANCED,Clean,2686658,98.94,2658206,98.941,28403,1.0572,28365,1.0558,2686571,99.9968,28365,1.0558,YES,22.0,22,22.07,22.08,1457,1457,0.0548,0.0542
SRR1044528,TTAAG,Ad11,MYOCARDIUM_51nt/06_ICM_EXPLANT,Clean,7814519,98.98,7734694,98.9785,79800,1.0212,79187,1.0133,7813881,99.9918,79187,1.0133,YES,22.0,22,21.75,21.75,54315,54315,0.7022,0.6951
SRR1044529,TAACG,Ad12,MYOCARDIUM_51nt/05_ICM_ADVANCED,Clean,5026856,99.12,4982815,99.1239,44038,0.8761,43868,0.8727,5026683,99.9966,43868,0.8727,YES,22,22,21.6,21.6,25966,25966,0.5211,0.5166
SRR1044530,TAATA,Ad13,PLASMA_51nt/09_ICM_EXPLANT,WARNING,7976556,53.88,4297052,53.871,3679390,46.1276,3665920,45.9587,7962972,99.8297,3665920,45.9587,YES,22.0,22.0,21.98,21.94,12248,12248,0.285,0.1538
SRR1044531,TCCTA,Ad05,PLASMA_51nt/06_ICM_ADVANCED,WARNING,393103,63.35,248916,63.3208,144119,36.6619,144025,36.638,392941,99.9588,144025,36.638,YES,22.0,22,24.72,24.25,647,647,0.2599,0.1647
SRR1044532,TAATA,Ad13,SERUM_51nt/05_ICM_EXPLANT,Clean,11941910,83.73,9999356,83.7333,1942536,16.2665,1936601,16.2168,11935957,99.9502,1936601,16.2168,YES,30.0,30,27.93,27.52,14425,14425,0.1443,0.1209
SRR1044533,TCCTA,Ad05,SERUM_51nt/04_ICM_ADVANCED,WARNING,2885469,62.53,1803708,62.51,1081593,37.4841,1080873,37.4592,2884581,99.9692,1080873,37.4592,YES,30.0,30,27.47,26.94,1806,1806,0.1001,0.0626
SRR1044534,TAATA,Ad13,MYOCARDIUM_51nt/06_ICM_EXPLANT,Clean,6531494,99.56,6502968,99.5633,28522,0.4367,27942,0.4278,6530910,99.9911,27942,0.4278,YES,22.0,22.0,21.74,21.74,178453,178453,2.7442,2.7324
SRR1044535,TCACT,Ad01,MYOCARDIUM_51nt/05_ICM_ADVANCED,Clean,5413546,99.62,5392779,99.6164,20756,0.3834,20704,0.3824,5413483,99.9988,20704,0.3824,YES,22,22,23.38,23.39,11301,11301,0.2096,0.2088
SRR1044536,TAGAG,Ad14,MYOCARDIUM_51nt/05_ICM_ADVANCED,Clean,6297782,98.55,6206320,98.5477,91456,1.4522,91178,1.4478,6297498,99.9955,91178,1.4478,YES,22.0,22.0,21.65,21.65,11009,11009,0.1774,0.1748
SRR1044537,TCATC,Ad02,PLASMA_51nt/07_ICM_3M_LVAD,Clean,474707,96.01,455658,95.9872,18997,4.0018,18843,3.9694,474501,99.9566,18843,3.9694,YES,23.0,23,24.79,24.78,5307,5307,1.1647,1.1184
SRR1044538,TAGAG,Ad14,PLASMA_51nt/09_ICM_EXPLANT,WARNING,1608344,69.1,1111259,69.0934,497054,30.9047,496854,30.8923,1608113,99.9856,496854,30.8923,YES,22,22,21.64,21.77,1518,1518,0.1366,0.0944
SRR1044539,TCACT,Ad01,PLASMA_51nt/06_ICM_ADVANCED,Clean,4214914,95.54,4026511,95.5301,187994,4.4602,186637,4.428,4213148,99.9581,186637,4.428,YES,23,23.0,24.75,24.74,39369,39369,0.9777,0.9344
SRR1044540,TCGAT,Ad06,PLASMA_51nt/06_ICM_ADVANCED,WARNING,573171,60.83,348553,60.8113,224547,39.1763,224239,39.1225,572792,99.9339,224239,39.1225,YES,22,22.0,23.26,22.96,1021,1021,0.2929,0.1782
SRR1044541,TCATC,Ad02,OTHER_TISSUES/SKELETAL_MUSCLE,Clean,2474547,99.78,2469000,99.7758,5497,0.2221,5494,0.222,2474494,99.9979,5494,0.222,YES,22.0,22.0,22.14,22.14,2696,2696,0.1092,0.109
SRR1044542,TAGAG,Ad14,SERUM_51nt/05_ICM_EXPLANT,WARNING,7534932,49.96,3763955,49.9534,3770933,50.046,3769586,50.0281,7533541,99.9815,3769586,50.0281,YES,22,22,22.88,22.7,10009,10009,0.2659,0.1329
SRR1044543,TCGAT,Ad06,SERUM_51nt/04_ICM_ADVANCED,WARNING,1673850,59.78,1000271,59.7587,673410,40.2312,672628,40.1845,1672899,99.9432,672628,40.1845,YES,24,22,24.95,24.3,2613,2613,0.2612,0.1562
SRR1044544,TCCAC,Ad03,MYOCARDIUM_51nt/05_ICM_ADVANCED,Clean,3161997,99.62,3149876,99.6167,12006,0.3797,11967,0.3785,3161843,99.9951,11967,0.3785,YES,22.0,22,22.44,22.44,5773,5773,0.1833,0.1826
SRR1044545,TCCGT,Ad04,PLASMA_51nt/08_ICM_6M_LVAD,Clean,2405933,95.67,2300817,95.631,104590,4.3472,103595,4.3058,2404412,99.9368,103595,4.3058,YES,23,23.0,25.03,25.04,19075,19075,0.8291,0.7933
SRR1044546,TCCAC,Ad03,PLASMA_51nt/06_ICM_ADVANCED,Clean,1951156,95.81,1869305,95.805,81793,4.192,81413,4.1726,1950718,99.9776,81413,4.1726,YES,22,22.0,23.65,23.64,10223,10223,0.5469,0.5241
SRR1044547,TCTAG,Ad08,PLASMA_51nt/07_ICM_3M_LVAD,Clean,811262,94.65,766447,94.4759,43490,5.3608,43233,5.3291,809680,99.805,43233,5.3291,YES,22,22.0,23.89,23.87,6474,6474,0.8447,0.7996
SRR1044548,TCGCG,Ad07,PLASMA_51nt/06_ICM_ADVANCED,Clean,1360317,95.05,1292497,95.0144,67375,4.9529,67047,4.9288,1359544,99.9432,67047,4.9288,YES,22,22.0,22.98,22.99,6631,6631,0.513,0.4877
SRR1044549,TCTCC,Ad09,MYOCARDIUM_51nt/05_ICM_ADVANCED,Clean,2918555,99.63,2907799,99.6315,10708,0.3669,10675,0.3658,2918474,99.9972,10675,0.3658,YES,22,22.0,22.18,22.19,11494,11494,0.3953,0.3938
SRR1044550,TTGGT,Ad20,MYOCARDIUM_51nt/06_ICM_EXPLANT,Clean,7502073,99.54,7467672,99.5414,34344,0.4578,32527,0.4336,7500199,99.975,32527,0.4336,YES,22.0,22,21.75,21.75,494050,494050,6.6159,6.5872
SRR1044551,TTACA,Ad19,MYOCARDIUM_51nt/05_ICM_ADVANCED,Clean,8323871,99.56,8287047,99.5576,36788,0.442,36576,0.4394,8323623,99.997,36576,0.4394,YES,22,22,21.68,21.68,35147,35147,0.4241,0.4223
SRR1044552,TCCTA,Ad05,PLASMA_51nt/07_ICM_3M_LVAD,Clean,2054306,99.34,2040646,99.3351,13490,0.6567,13397,0.6521,2054043,99.9872,13397,0.6521,YES,23.0,23,24.04,24.07,15921,15921,0.7802,0.7751
SRR1044553,TCGAT,Ad06,PLASMA_51nt/08_ICM_6M_LVAD,Clean,1326742,99.29,1316323,99.2147,9380,0.707,9287,0.7,1325610,99.9147,9287,0.7,YES,23,23.0,24.34,24.36,6140,6140,0.4665,0.4632
SRR1044554,TCCGT,Ad04,PLASMA_51nt/06_ICM_ADVANCED,Clean,295431,99.26,293191,99.2418,2200,0.7447,2168,0.7338,295359,99.9756,2168,0.7338,YES,22,22,23.83,23.86,2637,2637,0.8994,0.8928
SRR1044555,TTAAG,Ad11,MYOCARDIUM_51nt/05_ICM_ADVANCED,Clean,3774792,99.07,3739796,99.0729,34972,0.9265,34558,0.9155,3774354,99.9884,34558,0.9155,YES,22.0,22.0,23.55,23.56,68294,68294,1.8261,1.8094
SRR1044556,TCTGA,Ad10,PLASMA_51nt/08_ICM_6M_LVAD,Clean,5618401,94.96,5314119,94.5842,286763,5.104,282885,5.035,5597004,99.6192,282885,5.035,YES,23,23.0,24.59,24.63,83397,83397,1.5693,1.49
SRR1044557,TCTCC,Ad09,PLASMA_51nt/06_ICM_ADVANCED,Clean,1248349,89.8,1109459,88.8741,138841,11.122,138078,11.0608,1247537,99.935,138078,11.0608,YES,22,22,23.92,25.16,9869,9869,0.8895,0.7911
SRR1044558,TAACG,Ad12,PLASMA_51nt/08_ICM_6M_LVAD,Clean,2514916,95.1,2389306,95.0054,123364,4.9053,122528,4.8721,2511834,99.8775,122528,4.8721,YES,23.0,23.0,24.14,24.12,15951,15951,0.6676,0.635
SRR1044559,TTAAG,Ad11,PLASMA_51nt/06_ICM_ADVANCED,Clean,1004438,94.08,944870,94.0695,59543,5.928,59057,5.8796,1003927,99.9491,59057,5.8796,YES,22.0,22,22.88,22.86,6276,6276,0.6642,0.6251
SRR1044560,TCCGT,Ad04,MYOCARDIUM_51nt/05_ICM_ADVANCED,Clean,7660856,99.67,7635382,99.6675,25448,0.3322,25113,0.3278,7660495,99.9953,25113,0.3278,YES,22.0,22,21.79,21.79,140697,140697,1.8427,1.8367
SRR1044561,TAGAG,Ad14,PLASMA_51nt/08_ICM_6M_LVAD,Clean,2389399,93.71,2238790,93.6968,150524,6.2997,149471,6.2556,2388261,99.9524,149471,6.2556,YES,22.0,22,23.37,23.34,11293,11293,0.5044,0.4729
SRR1044562,TAATA,Ad13,PLASMA_51nt/06_ICM_ADVANCED,Clean,129144,94.67,122172,94.6014,6914,5.3537,6846,5.3011,129018,99.9024,6846,5.3011,YES,22.0,22.0,23.66,23.66,1209,1209,0.9896,0.9371
SRR1044563,TATCA,Ad16,PLASMA_51nt/07_ICM_3M_LVAD,Clean,1397131,95.38,1329835,95.1833,64615,4.6248,59359,4.2486,1389194,99.4319,59359,4.2486,YES,23,23.0,23.99,23.96,174953,174953,13.156,12.5938
SRR1044564,TAGGA,Ad15,PLASMA_51nt/06_ICM_ADVANCED,Clean,399586,94.88,376229,94.1547,20509,5.1326,20327,5.087,396556,99.2417,20327,5.087,YES,22,22.0,23.2,23.19,2960,2960,0.7868,0.7464
SRR1044565,TCTAG,Ad08,MYOCARDIUM_51nt/06_ICM_EXPLANT,Clean,7179912,99.33,7131497,99.3257,48388,0.6739,48276,0.6724,7179773,99.9981,48276,0.6724,YES,22,22,21.9,21.9,16514,16514,0.2316,0.23
SRR1044566,TCGCG,Ad07,MYOCARDIUM_51nt/05_ICM_ADVANCED,Clean,5216151,99.2,5174210,99.1959,41881,0.8029,41830,0.8019,5216040,99.9979,41830,0.8019,YES,22.0,22.0,21.86,21.86,2864,2864,0.0554,0.0549
SRR1044567,TAGGA,Ad15,PLASMA_51nt/09_ICM_EXPLANT,WARNING,2931050,55.03,1611893,54.9937,1318250,44.9754,1317175,44.9387,2929068,99.9324,1317175,44.9387,YES,21,22.0,21.27,21.59,9265,9265,0.5748,0.3163
SRR1044568,TGATG,Ad17,PLASMA_51nt/06_ICM_ADVANCED,Clean,714505,95.24,680278,95.2097,34074,4.7689,32098,4.4923,712376,99.702,32098,4.4923,YES,22.0,22.0,23.74,23.71,45433,45433,6.6786,6.3777
SRR1044569,TCGCG,Ad07,PLASMA_51nt/06_ICM_ADVANCED,WARNING,1422104,70.4,1000993,70.3882,421055,29.6079,420276,29.5531,1421269,99.9413,420276,29.5531,YES,22,22,22.48,22.44,4178,4178,0.4174,0.294
SRR1044570,TAGGA,Ad15,SERUM_51nt/05_ICM_EXPLANT,WARNING,5004078,71.8,3592418,71.7898,1411210,28.2012,1410802,28.193,5003220,99.9829,1410802,28.193,YES,29.0,23.0,26.36,25.41,367608,367608,10.2329,7.3474
SRR1044571,TCGCG,Ad07,SERUM_51nt/04_ICM_ADVANCED,Clean,1138951,85.79,977116,85.7909,161813,14.2072,161643,14.1923,1138759,99.9831,161643,14.1923,YES,22.0,22,23.58,23.47,2117,2117,0.2167,0.1859
SRR1044572,TGTGT,Ad18,PLASMA_51nt/09_ICM_EXPLANT,WARNING,1108972,67.92,753040,67.9043,355898,32.0926,350780,31.6311,1103820,99.5354,350780,31.6311,YES,23.0,22.0,23.6,23.17,15381,15381,2.0425,1.3934
SRR1044573,TCTAG,Ad08,PLASMA_51nt/06_ICM_ADVANCED,WARNING,1288032,67.83,873484,67.8154,414512,32.1818,413995,32.1417,1287479,99.9571,413995,32.1417,YES,23.0,22,23.14,23.02,2659,2659,0.3044,0.2065
SRR1044574,TGTGT,Ad18,SERUM_51nt/05_ICM_EXPLANT,WARNING,6213934,56.44,3506547,56.4304,2707180,43.5663,2670154,42.9704,6176701,99.4008,2670154,42.9704,YES,23,23,24.97,24.71,57254,57254,1.6328,0.9269
SRR1044575,TCTAG,Ad08,SERUM_51nt/04_ICM_ADVANCED,Clean,823209,83.16,684513,83.1518,138667,16.8447,137437,16.6953,821950,99.8471,137437,16.6953,YES,23,23.0,25.05,24.87,31268,31268,4.5679,3.8041
SRR1044576,TTAAG,Ad11,MYOCARDIUM_51nt/06_ICM_EXPLANT,Clean,6574418,99.18,6520315,99.1771,54080,0.8226,52794,0.803,6573109,99.9801,52794,0.803,YES,22,22,21.88,21.88,186181,186181,2.8554,2.8325
SRR1044577,TCTGA,Ad10,MYOCARDIUM_51nt/05_ICM_ADVANCED,Clean,13065799,99.64,13017593,99.6311,47030,0.3599,45764,0.3503,13063357,99.9813,45764,0.3503,YES,22,22,21.72,21.72,371797,371797,2.8561,2.8461
SRR1044578,TAATA,Ad13,MYOCARDIUM_51nt/05_ICM_ADVANCED,Clean,9497038,99.68,9466530,99.6788,30490,0.321,29936,0.3152,9496466,99.994,29936,0.3152,YES,22.0,22.0,21.74,21.74,239548,239548,2.5305,2.5225
SRR1044579,TCGAT,Ad06,PLASMA_51nt/07_ICM_3M_LVAD,Clean,15143625,97.78,14800341,97.7331,336720,2.2235,332661,2.1967,15133002,99.9299,332661,2.1967,YES,22,22.0,22.26,22.26,145024,145024,0.9799,0.9583
SRR1044580,TCCTA,Ad05,PLASMA_51nt/06_ICM_ADVANCED,Clean,1876749,98.15,1841678,98.1313,34756,1.8519,34521,1.8394,1876199,99.9707,34521,1.8394,YES,22.0,22,21.96,21.96,10285,10285,0.5585,0.5482
SRR1044581,TCTGA,Ad10,PLASMA_51nt/07_ICM_3M_LVAD,Clean,12946121,97.78,12634703,97.5945,287629,2.2217,283958,2.1934,12918661,99.7879,283958,2.1934,YES,22,22,22.46,22.46,192346,192346,1.5224,1.4889
SRR1044582,TCTCC,Ad09,PLASMA_51nt/06_ICM_ADVANCED,Clean,5109584,98.11,5012388,98.0978,97107,1.9005,96225,1.8832,5108613,99.981,96225,1.8832,YES,22.0,22,21.97,21.99,55682,55682,1.1109,1.09
SRR1044583,TAGAG,Ad14,PLASMA_51nt/08_ICM_6M_LVAD,Clean,8236348,96.48,7946373,96.4793,289917,3.52,288047,3.4973,8234420,99.9766,288047,3.4973,YES,22,22.0,22.3,22.3,45487,45487,0.5724,0.5524
SRR1044584,TAATA,Ad13,PLASMA_51nt/06_ICM_ADVANCED,Clean,5174012,97.82,5060831,97.8125,113119,2.1863,110730,2.1401,5171561,99.9526,110730,2.1401,YES,22,22,22.18,22.18,135791,135791,2.6832,2.6257
SRR1044585,TATCA,Ad16,PLASMA_51nt/07_ICM_3M_LVAD,Clean,19996457,98.08,19608459,98.0597,384947,1.9251,353100,1.7658,19961559,99.8255,353100,1.7658,YES,22,22,22.69,22.69,1883814,1883814,9.6071,9.4372
SRR1044586,TAGGA,Ad15,PLASMA_51nt/06_ICM_ADVANCED,Clean,2842469,97.64,2773663,97.5794,67196,2.364,66854,2.352,2840517,99.9313,66854,2.352,YES,22,22,21.69,21.69,10987,10987,0.3961,0.3868
SRR1044587,TCATC,Ad02,PLASMA_51nt/10_STABLE_HF,Clean,4621479,97.5,4505409,97.4885,115605,2.5015,115326,2.4954,4620735,99.9839,115326,2.4954,YES,23,23,24.22,24.32,10489,10489,0.2328,0.227
SRR1044588,TCCAC,Ad03,PLASMA_51nt/10_STABLE_HF,Clean,13175640,97.18,12802580,97.1686,372160,2.8246,370532,2.8123,13173112,99.9808,370532,2.8123,YES,23.0,23.0,24.61,24.73,62941,62941,0.4916,0.4778
SRR1044589,TCCGT,Ad04,PLASMA_51nt/10_STABLE_HF,Clean,8991265,97.5,8765830,97.4927,224458,2.4964,223073,2.481,8988903,99.9737,223073,2.481,YES,23.0,23,24.21,24.31,67735,67735,0.7727,0.7535
SRR1044590,TCCTA,Ad05,PLASMA_51nt/10_STABLE_HF,Clean,18139796,96.57,17508639,96.5206,623245,3.4358,620484,3.4206,18129123,99.9412,620484,3.4206,YES,24,24,25.31,25.45,146272,146272,0.8354,0.8068
SRR1044591,TCGAT,Ad06,PLASMA_51nt/10_STABLE_HF,Clean,9780155,96.73,9425380,96.3725,320277,3.2748,318763,3.2593,9744143,99.6318,318763,3.2593,YES,23.0,23,24.87,25.0,28918,28918,0.3068,0.2968
SRR1044592,TCGCG,Ad07,PLASMA_51nt/10_STABLE_HF,Clean,2735315,96.4,2624125,95.935,98561,3.6033,97896,3.579,2722021,99.514,97896,3.579,YES,24,24,25.23,25.35,16001,16001,0.6098,0.5878
SRR1044593,TCTAG,Ad08,PLASMA_51nt/10_STABLE_HF,Clean,9932673,96.6,9587750,96.5274,338204,3.405,336591,3.3887,9924341,99.9161,336591,3.3887,YES,23.0,23,24.72,24.83,56618,56618,0.5905,0.5705
SRR1044594,TTAAG,Ad11,PLASMA_51nt/10_STABLE_HF,Clean,8935273,96.65,8633563,96.6234,299970,3.3571,299217,3.3487,8932780,99.9721,299217,3.3487,YES,23,23.0,24.13,24.24,19736,19736,0.2286,0.2209
SRR1044595,TAATA,Ad13,PLASMA_51nt/10_STABLE_HF,Clean,974617,97.53,948923,97.3637,24264,2.4896,24108,2.4736,973031,99.8373,24108,2.4736,YES,22,22,22.59,22.69,8896,8896,0.9375,0.9143
SRR1044596,TGATG,Ad17,PLASMA_51nt/10_STABLE_HF,Clean,3609215,97.29,3509624,97.2406,97999,2.7152,95208,2.6379,3604832,99.8786,95208,2.6379,YES,22.0,22.0,23.31,23.4,170396,170396,4.8551,4.7269
SRR1044597,TTGGT,Ad20,OTHER_TISSUES/PBMC,Clean,1666432,97.39,1622880,97.3865,43515,2.6113,43132,2.5883,1666012,99.9748,43132,2.5883,YES,22.0,22.0,22.06,22.06,20341,20341,1.2534,1.2209
SRR1044598,TAATA,Ad13,OTHER_TISSUES/RBC,Clean,1290214,99.7,1286297,99.6964,3917,0.3036,3866,0.2996,1290163,99.996,3866,0.2996,YES,22,22,21.34,21.34,19444,19444,1.5116,1.5071
SRR1044599,TAGAG,Ad14,OTHER_TISSUES/RBC,Clean,1789104,99.41,1778597,99.4127,10507,0.5873,10490,0.5863,1789087,99.999,10490,0.5863,YES,22,22,21.37,21.36,425,425,0.0239,0.0238
